Poetic Opening,Poem,Author,Year,Lines,"Count of 
Metaphor",Metaphorical Name,Meaning,Extra Notes
இயற்கை,இந்த நீள நீலக் கரும்பலகையில்,வைரமுத்து,2017,"இந்த நீள நீலக் கரும்பலகையில் எழுதும்
",1,நீலக் கரும்பலகையில்,கடலை ஒரு கரும்பலகையில் ஒப்பிடுகிறது. ,"கடல் நீளமாகவும், நீல நிறமாகவும், அசைவற்றதாகவும் இருக்கிறது."
இயற்கை,இந்த நீள நீலக் கரும்பலகையில்,வைரமுத்து,2017,இவை மௌன பாஷையின் லிபிகளோ,1,மௌன பாஷையின்,அலைகளின் மொழியை ஒரு புதிய மொழியாகக் காண்கிறது. ,இது ஒரு புதிய கலாச்சாரம் அல்லது அறிவின் ஒரு புதிய வடிவத்தைக் குறிக்கலாம்.
இயற்கை,இந்த நீள நீலக் கரும்பலகையில்,வைரமுத்து,2017,"நிலவு என்னும் ஒற்றை வாக்கியக் காவியத்தை எழுதி முடித்த
எக்காளத்தில் ",0,,,
இயற்கை,இந்த நீள நீலக் கரும்பலகையில்,வைரமுத்து,2017,"எவனவன் இத்தனை முற்றுப் புள்ளிகள் இட்டு வைத்தவன்?
",0,,,
வெண்பா நீ எந்தன் மூச்சை,வெண்பா நீ எந்தன் மூச்சை,வைரமுத்து,1997,ஆகுபெயர் போல் எனக்கே ஆகிவிட்டாய்,1,ஆகுபெயர்,ஒரு நபர் மற்றொரு நபருக்கு மிகவும் நெருக்கமாக இருப்பதைக் குறிக்கிறது. ,இது ஒரு நெருங்கிய உறவின் தீவிரத்தை வெளிப்படுத்துகிறது.
நெத்தியில நானிறங்கி,நெத்தியில நானிறங்கி,வைரமுத்து,1999,"நீராக நானிருந்தால் – உன் நெத்தியில நானிறங்கி
கூரான உன் நெஞ்சில் – குதிச்சி அங்க குடியிருப்பேன்",1,கூரான உன் நெஞ்சில்,இந்த உருவகம் காதலியின் அல்லது நேசிப்பவரின் அன்பின் தீவிரத்தைக் குறிக்கிறது,
கனிமொழியே என்னை,கனிமொழியே என்னை,வைரமுத்து,2013,"கனிமொழியே என்னை கொன்று போகிறாய்
கடைவிழியால் என்னை தின்று போகிறாய்",1,கனிமொழியே,ஒரு பெண்ணின் பேச்சு ஒரு பழம் போல இனிமையானது மற்றும் சுவையாக இருக்கும் என்று கூறுகிறது,"இது ஒரு பெண்ணின் அழகையும், கனிவையும், மென்மையையும் வெளிப்படுத்துகிறது."
மேடையிலொருவன்,மேடையிலொருவன்,வைரமுத்து,2010,சூரிய நிலாக்களாய்க் கண்ணுக்கழகிய பெண்கள் கடந்தேகும் போதெல்லாம்,1,சூரிய நிலாக்களாய்க்,"இந்த உருவகம் ஒரு பெண்ணின் அழகு சூரியன் மற்றும் சந்திரனைப் போல பிரகாசமாகவும், 
ரகசியமாகவும் இருக்கிறது என்று கூறுகிறது.
",இது பெண்களின் அழகை மேலும் விவரிக்கிறது.
சேர்த்துவைத்த கண்ணீரை,சேர்த்துவைத்த கண்ணீரை,வைரமுத்து,2000,அரக்கமனம் இதம்காண ஆசைகளால் பந்தலிட்டும் அர்த்தங்காணேன்,1,அரக்கமனம்,"""அரக்கமனம்"" என்ற உருவகம் ஒரு நபர்ன் தவறான, தீய நோக்கங்களை வெளிப்படுத்துகிறது.  ",இது ஆசை மற்றும் பேராசையின் அடையாளமாக கருதப்படும் ஒரு அரக்கனைக் குறிக்கிறது.
சீலக் கவிக்குலத்தீர்,சீலக் கவிக்குலத்தீர்,வைரமுத்து,1973,ஆலயத்து வாசலிலே அமாவாசை நிலவானேன்,1,"
அமாவாசை நிலவானேன்","இது ஒரு நபர் அல்லது ஒரு பொருளின் தனிமையையும், தனிமையும் வெளிப்படுத்துகிறது.",
நட்பு என்பது சூரியன் போல்,நட்பு ,வைரமுத்து,2014,சூரியன் போல் எல்லா நாளும் பூரணமாய் இருக்கு,1,சூரியன் போல்,ஒரு நபர் அல்லது விஷயம் எப்போதும் மகிழ்ச்சியாகவும் நல்ல சூழ்நிலையிலும் இருப்பதைக் குறிக்கிறது,
நட்பு என்பது சூரியன் போல்,நட்பு ,வைரமுத்து,2014,கடல் அலை போல் என்றும் அலைந்து வரும்,1,கடல் அலை போல்,இது கடல் அலைகளின் நிலையான இயக்கத்தைக் குறிக்கிறது,
நட்பு என்பது சூரியன் போல்,நட்பு ,வைரமுத்து,2014,அக்னி போல் எல்லா,1,அக்னி,இது அக்னியின் பல வழிகளில் எல்லாவற்றையும் பாதிக்கக்கூடிய திறனைக் குறிக்கிறது,
நட்பு என்பது சூரியன் போல்,நட்பு ,வைரமுத்து,2014,தண்ணீர் போல் எதில் ஊற்றினாலும் ஓரே மட்டமாய் இருக்கு,1,தண்ணீர் போல்,ஒரு நல்ல குணம் அல்லது திறன் எந்த சூழ்நிலையிலும் அதன் மதிப்பை இழக்காது என்பதைக் குறிக்கிறது,
நாளுக்கு ஒரு பார்வையன,நாளுக்கு ஒரு பார்வையன,வைரமுத்து,1991,செம்பருத்தி அவள் மனதில்  நாள் குறித்து,1,செம்பருத்தி அவள்,"செம்பருத்தி ஒரு அழகான மலர், மேலும் இது பெண்ணின் காதலின் அழகைக் குறிக்கிறது.",
திரிபுகள் சங்கீதம் இரைச்சலின் கூட்டணியாய்,"திரிபுகள் சங்கீதம்

",வைரமுத்து,2000,இருண்மையின் திமிராய்,1,இருண்மையின் திமிராய்,கவிஞர் தனது இருண்ட எண்ணங்களின் திமிரைக் பற்றி பேசுகிறார். ,"இந்த இருண்ட எண்ணங்கள் அவரை ஆக்கிரமித்து, அவரை நம்பிக்கை இழக்கச் செய்கின்றன."
திரிபுகள் சங்கீதம் இரைச்சலின் கூட்டணியாய்,"திரிபுகள் சங்கீதம்

",வைரமுத்து,2000,கலை விலைமகளின் உதட்டுச்சாயமாய்,1,"

விலைமகளின் உதட்டுச்சாயமாய்",கலையின் அழகைக் குறிக்கிறது.,"உதட்டுச்சாயம் ஒரு பெண்ணின் உதட்டை அழகுபடுத்துகிறது, 
அதேபோல் கலை உலகத்தையும் அழகுபடுத்துகிறது."
திரிபுகள் சங்கீதம் இரைச்சலின் கூட்டணியாய்,"திரிபுகள் சங்கீதம்

",வைரமுத்து,2000,மதம் கடவுள் விற்கும் கள்ளச்சந்தையாய்,1,கடவுள் விற்கும் கள்ளச்சந்தையாய்,மதத்தின் தவறான பயன்பாட்டைக் குறிக்கிறது. ,"சிலர் மதத்தை தங்கள் சொந்த நலனுக்காக பயன்படுத்துகிறார்கள், 
மேலும் அவர்கள் கடவுளை ஒரு பொருளாக விற்கிறார்கள்."
உன்னோடு நான் இருந்த ,உன்னோடு நான்!,வைரமுத்து,1997,உன்னோடு நான் இருந்த ஒவ்வொரு மணித் துளியும்,1,மணித் துளி,ஒரு மணித் துளியை ஒரு விலைமதிப்பற்ற பொருளுடன் ஒப்பிடுகிறது. ,"ஒரு நபர் ஒருவருடன் செலவிடும் நேரத்தைக் குறிக்கிறது. 
இந்த நேரம் மிகவும் விலைமதிப்பற்றது"
உன்னோடு நான் இருந்த ,உன்னோடு நான்!,வைரமுத்து,1997,மரணப் படுக்கையிலும் மறக்காது கண்மணியே,0,,,
உன்னோடு நான் இருந்த ,உன்னோடு நான்!,வைரமுத்து,1997,தொண்ணூறு நிமிடங்கள் தொட்டனைத்த காலம்,0,,,
உன்னோடு நான் இருந்த ,உன்னோடு நான்!,வைரமுத்து,1997,தொண்ணூறு ஆண்டுகளாய் இதயத்தை கலக்குதடி…,0,,,
மேகங்கள் என்னைத் தொட்டுப் போனதுண்டு சில மின்னல்கள் என்னை ,மேகங்கள் என்னைத் தொட்டு,வைரமுத்து,1999,கண்ணிமையும் சாமரங்கள் வீசும் காற்றில்,0,,,
மேகங்கள் என்னைத் தொட்டுப் போனதுண்டு சில மின்னல்கள் என்னை ,மேகங்கள் என்னைத் தொட்டு,வைரமுத்து,1999,என் காதல் மனம் துண்டுத் துண்டாய் உடையக் கண்டேன்,0,"
",,
மேகங்கள் என்னைத் தொட்டுப் போனதுண்டு சில மின்னல்கள் என்னை ,மேகங்கள் என்னைத் தொட்டு,வைரமுத்து,1999,துண்டு துண்டாய் உடைந்த மனத் துகளையெல்லாம்,0,,,
மேகங்கள் என்னைத் தொட்டுப் போனதுண்டு சில மின்னல்கள் என்னை ,மேகங்கள் என்னைத் தொட்டு,வைரமுத்து,1999,அடி தூயவளே உனக்குள் தொலைத்து விட்டேன்,1,தூயவளே,ஒரு பெண்ணைக் குறிக்கிறது. அவள் தூய்மையானவள்,"அவள் தூய்மையானவள், அழகானவள், நல்லவள் என்று இந்த வார்த்தை கூறுகிறது."
மேகங்கள் என்னைத் தொட்டுப் போனதுண்டு சில மின்னல்கள் என்னை ,மேகங்கள் என்னைத் தொட்டு,வைரமுத்து,1999,உன் செவ்வாயில் உள்ளதடி எனது ஜீவன்,1,உன் செவ்வாயில் ,"இந்த உருவகம் ஒரு பெண்ணின் உதட்டின் அழகை, நிறத்தை ஒப்பிடுகிறது",
இது போதும் எனக்கு அதிகாலை ஒலிகள்,இது போதும் எனக்கு,வைரமுத்து,2000,நிலா ஒழுகும் இரவு திசை தொலைத்த காடு,1,ஒழுகும் இரவு,"நிலா ஒரு பெரிய ஆறு போலவும், வானம் ஒரு நீரோடை போலவும் தோன்றுகிறது. ",இந்த உருவகம் ஒரு நல்ல மற்றும் மகிழ்ச்சியான நேரத்தைக் குறிக்கிறது.
இது போதும் எனக்கு அதிகாலை ஒலிகள்,இது போதும் எனக்கு,வைரமுத்து,2000,ஒற்றையடிப்பாதை உன்னோடு பொடிநடை,0,,,
இது போதும் எனக்கு அதிகாலை ஒலிகள்,இது போதும் எனக்கு,வைரமுத்து,2000,மரங்கள் நடுங்கும் மார்கழி ரத்தம் உறையும் குளிர்,0,,,
இது போதும் எனக்கு அதிகாலை ஒலிகள்,இது போதும் எனக்கு,வைரமுத்து,2000,"உஷ்ணம் யாசிக்கும் உடல் ஒற்றைப் போர்வை பரஸ்பர வெப்பம்
",0,,,
இது போதும் எனக்கு அதிகாலை ஒலிகள்,இது போதும் எனக்கு,வைரமுத்து,2000,"நிலாத் தட்டு நட்சத்திரச் சோறு
",1,நிலாத் தட்டு ,தட்டின் வடிவம் நிலவிற்கு உருவகப்படுத்தப்பட்டுள்ளது.,
இது போதும் எனக்கு அதிகாலை ஒலிகள்,இது போதும் எனக்கு,வைரமுத்து,2000,"நிலாத் தட்டு நட்சத்திரச் சோறு
",1,நட்சத்திரச் சோறு,சோற்றின் அழகு மற்றும் சுவை நட்சத்திரங்களுக்கு உருவகப்படுத்தப்பட்டுள்ளது.,
இது போதும் எனக்கு அதிகாலை ஒலிகள்,இது போதும் எனக்கு,வைரமுத்து,2000,"கைகழுவக் கடல் கைதுடைக்க மேகம்
",0,,,
இது போதும் எனக்கு அதிகாலை ஒலிகள்,இது போதும் எனக்கு,வைரமுத்து,2000,பூப்போன்ற சோறு பொரிக்காத கீரை,1,பூப்போன்ற சோறு,இந்த உருவகம் சோற்றின் அழகு மற்றும் சுவையை ஒப்பிடுகிறது. ,"பூக்கள் அழகாகவும், வாசனையாகவும், சுவையாகவும் இருப்பதால், 
சோறு இவற்றை ஒத்ததாகக் கூறப்படுகிறது."
இல்லாத கடவுள் போன்ற இடைகொண்ட பெண்ணே,திராவிட காலம் - 1,வைரமுத்து,1992,இல்லாத கடவுள் போன்ற இடைகொண்ட பெண்ணே,1,"கடவுள் போன்ற
இடைகொண்ட பெண்ணே","பெண்ணின் அழகு மற்றும் கவர்ச்சியை, புத்திசாலித்தனத்தைக் குறிக்கிறது",
இல்லாத கடவுள் போன்ற இடைகொண்ட பெண்ணே,திராவிட காலம் - 1,வைரமுத்து,1992,"உந்தன் பொல்லாத அழகு பாடப் பூவாடும் கூந்தல் பாட
",1,பூவாடும் கூந்தல்,பெண்ணின் கூந்தல் பூக்களைப் போல அழகாகவும் வாசனையாகவும் இருப்பதாகக் கூறப்படுகிறது.,
"இல்லாத கடவுள் போன்ற
இடைகொண்ட பெண்ணே",திராவிட காலம் - 1,வைரமுத்து,1992,"சல்லாப விழிகள் பாடத் தனித்தமிழ் கொண்டு வந்தேன்
",1,சல்லாப விழிகள்,பெண்ணின் கண்களைக் குறிக்கிறது. ,"இந்த கண்கள் அழகாகவும், கவர்ச்சிகரமாகவும், கவர்ச்சிகரமாகவும் இருக்கிறது"
இல்லாத கடவுள் போன்ற இடைகொண்ட பெண்ணே,திராவிட காலம் - 1,வைரமுத்து,1992,"நில்லாமற் போனால் கூட்டில் நிற்குமோ எந்தன் ஆவி?
",0,,,
அலைகடலும் ஓய்ந்திருக்க,அலைகடலும் ஓய்ந்திருக்க,வைரமுத்து,2001,நிலமகளும் துயிலுகையில் நெஞ்சகந்தான் பதைப்பதுமேன்,0,,,
அலைகடலும் ஓய்ந்திருக்க,அலைகடலும் ஓய்ந்திருக்க,வைரமுத்து,2001,மான்விழியாள் பெண்ணொருத்தி மனத்தில் புயல் அடிப்பதுமேன்,1,மான்விழியாள்,ஒரு பெண்ணின் அழகான கண்களைக் குறிக்கிறது. ,"இந்த கண்கள் மானின் கண்களைப் போலவே அழகாகவும், கவர்ச்சியாகவும் இருக்கும்."
அலைகடலும் ஓய்ந்திருக்க,அலைகடலும் ஓய்ந்திருக்க,வைரமுத்து,2001,மாருதமும் தவழ்ந்து வரும் காரிகையாள் உளந்தனிலே காற்றுச் சுழன் றடிப்பதுமேன்?,1,காரிகையாள், இது துக்கம் அடைந்து உள்ளத்தில் புயல் அடித்துக்கொண்டிருக்கும் ஒரு இளம் பெண்ணைக் குறிக்கிறது,
போக்கிடம் இழந்து,போக்கிடம் இழந்து,வைரமுத்து,1997,போக்கிடம் இழந்து புழு மண் புரளும் சாக்கடை நதிகள் சங்கமிக்கின்ற பாலைவனமே,1,சாக்கடை நதிகள்,இது சமூக மற்றும் சுற்றுச்சூழல் சீரழிவின் தீவிரத்தை வெளிப்படுத்துகிறது.,
போக்கிடம் இழந்து ,போக்கிடம் இழந்து ,வைரமுத்து,1997,பாவத்தழும்பே ஓலைக்கிடங்கே ஓவியப்பிழையே,1, ஓவியப்பிழையே,ஒரு நபரின் குறைபாடுகள் அல்லது குறைகளைக் குறிக்கிறது. ,"இந்த குறைபாடுகள் ஒரு நபரின் அழகை அல்லது மதிப்பை குறைக்காது, 
ஆனால் அவை ஒரு நபரின் முழுமையின் ஒரு பகுதியாகும்."
காதலில் கால்கள் தடுக்க,காதலில் கால்கள் தடுக்க,வைரமுத்து,1998,அழகு சாத்தானே! என்னை தூக்கி செல்லடி,1,அழகு சாத்தானே!,இது அழகின் சக்தியை ஒரு தீய சக்தியுடன் ஒப்பிடுகிறது,
ஏ கடலே உன் கரையில் இதுவரையில்,சுனா‌மி,வைரமுத்து,2002,ஏ கடலே நீ முத்துக்களின் பள்ளத்தாக்கா முதுமக்கள் தாழியா,1,முத்துக்களின் பள்ளத்தாக்கா,கடலை முத்துக்களின் பள்ளத்தாக்கு என்று அழைப்பது கடலின் அழகை அங்கீகரிக்க ஒரு வழி,முத்துக்கள் அழகு மற்றும் மதிப்பின் அடையாளமாகும்
ஏ கடலே உன் கரையில் இதுவரையில்,சுனா‌மி,வைரமுத்து,2002,ஏ கடலே நீ முத்துக்களின் பள்ளத்தாக்கா முதுமக்கள் தாழியா,1,முதுமக்கள் தாழியா,கடலை ஒரு முதுமக்கள் தாழி என்று ஒப்பிடுகிறார்.,
விண் - அப்பம் போன்ற நிலவுவந்து - காதல்,திராவிட காலம் - 2,வைரமுத்து,2018,காதல் விண்ணப்பம் எழுதுகின்ற இரவு முத்தமென்ற சொல்போல ,1,முத்தமென்ற சொல்,இந்த உருவகம் முத்தத்தின் அழகு மற்றும் சக்தியை ஒப்பிடுகிறது,ஒரு அழகான மற்றும் சக்திவாய்ந்த சொல்லைக் குறிக்கப் பயன்படுத்தப்படுகிறது.
விண் - அப்பம் போன்ற நிலவுவந்து - காதல்,திராவிட காலம் - 2,வைரமுத்து,2018,"நான் இதழ்சேர வரும்போது உதடுஒட்டாத குறள்போல - நீ தள்ளியா நிற்பது?
",1,உதடுஒட்டாத குறள்போல,"ஒரு நபர் அல்லது ஒரு பொருள் ஒருவரிடமிருந்து அல்லது ஒருவரிடமிருந்து 
தள்ளியிருக்கும் ஒரு நிலையை விவரிக்கப் பயன்படுகிறது",
விண் - அப்பம் போன்ற நிலவுவந்து - காதல்,திராவிட காலம் - 2,வைரமுத்து,2018,விடையாட வேண்டும் வாடிஎன் கண்ணே,0,,,
விண் - அப்பம் போன்ற நிலவுவந்து - காதல்,திராவிட காலம் - 2,வைரமுத்து,2018,விடிவெள்ளி கண்ணயரும் முன்னே,0,,,
புது வெள்ளை மழை இங்கு பொழிகின்றது,புது வெள்ளை மழை,வைரமுத்து,1992,புது வெள்ளை மழை இங்கு பொழிகின்றது… இந்தக் கொள்ளை நிலா உடல் நனைகின்றது…,1,கொள்ளை நிலா,"இந்த உருவகம் ஒரு விருப்பத்தைக் குறிக்கலாம், 
அது அடைய முடியாததாக கருதப்படுகிறது.","நிலா ஒரு அழகான மற்றும் கவர்ச்சிகரமான பொருள், 
ஆனால் அது ஒரு தூரமான மற்றும் அணுக முடியாத பொருள்."
புது வெள்ளை மழை இங்கு பொழிகின்றது,புது வெள்ளை மழை,வைரமுத்து,1992,இங்கு சொல்லாத இடம் கூடக் குளிர்கின்றது…மனம் சூடான இடம் தேடி அலைகின்றது…,0,,,
புது வெள்ளை மழை இங்கு பொழிகின்றது,புது வெள்ளை மழை,வைரமுத்து,1992,பெண் இல்லாத ஊரிலே… அடி ஆண் பூ கேட்பதில்லை…,0,,,
புது வெள்ளை மழை இங்கு பொழிகின்றது,புது வெள்ளை மழை,வைரமுத்து,1992,உன் புடவை முந்தானை சாய்ந்ததில்… இந்த பூமி பூப்பூத்தது…,0,,,
புது வெள்ளை மழை இங்கு பொழிகின்றது,புது வெள்ளை மழை,வைரமுத்து,1992,இது கம்பன் பாடாத சிந்தனை… உந்தன் காதோடு யார் சொன்னது…,0,,,
என் நெஞ்சம் எங்கும் அவள் முகம்,என் நெஞ்சம் எங்கும் அவள் முகம்,வைரமுத்து,1998,வானத்தில் தூறிடும் வானத்தில் தூறிடும் மழைத்துளி என்னவள்,0,,,
என் நெஞ்சம் எங்கும் அவள் முகம்,என் நெஞ்சம் எங்கும் அவள் முகம்,வைரமுத்து,1998,விண்மீன்கள் சிதறலில் என்னவளின் புன்சிரிப்பு!,1,விண்மீன்கள் சிதறலில் புன்சிரிப்பு,"காதலியின் புன்னகை விண்மீன்கள் சிதறல் என்று ஒப்பிடுகிறார்,",
மகராஷ்டிர என் காதலியே ,என் காதலியே,வைரமுத்து,2001,சிவசேனை சீண்டலா சிக்க வைக்கும் தூண்டிலா உன் பார்வை,1,"சிக்க வைக்கும் தூண்டிலா
உன் பார்வை",பெண்ணின் பார்வை ஒரு தூண்டிலாக இருப்பதைக் குறிக்கிறது.,"காதலியின் பார்வையின் அழகையும், கவர்ச்சியையும் வெளிப்படுத்தலாம்"
மழைக்காலப் பூக்கள்,மழைக்காலப் பூக்கள்,வைரமுத்து,2002,அது ஒரு காலம் கண்ணே கார்க்காலம்,0,,,
மழைக்காலப் பூக்கள்,மழைக்காலப் பூக்கள்,வைரமுத்து,2002,உன்முகப்பூவில் பனித்துளியாகி விடும் இலட்சியத்தோடு உன் நெற்றியில் நீர்த்துளிகள் பட்டுத்தெறித்தன,1,உன்முகப்பூவில்,ஒரு பெண்ணின் முகம் பூவிற்கு உருவகிக்கப்பட்டுள்ளது,"அந்த பூவின் நிறம், இலைகள் மற்றும் மணம், 
அந்தப் பெண்ணின் அழகு, ஆரோக்கியம், அன்பு மற்றும் காதலை வெளிப்படுத்துகின்றன."
என்னவளே அடி என்னவளே,என்னவளே அடி என்னவளே,வைரமுத்து,1994,வயிற்றுக்கும் தொண்டைக்குமாய் உருவமில்லா உருண்டையொன்று,1,உருவமில்லா உருண்டையொன்று, இது ஒரு யோசனை அல்லது உணர்வு தெளிவாக வரையறுக்கப்படவில்லை என்பதைக் குறிக்கிறது,
 நறுமுகையே நறுமுகையே, நறுமுகையே நறுமுகையே,வைரமுத்து,1997,நறுமுகையே நறுமுகையே…நீயொரு நாழிகை நில்லாய்…,0,,,
 நறுமுகையே நறுமுகையே, நறுமுகையே நறுமுகையே,வைரமுத்து,1997,செங்கனி ஊறிய வாய் திறந்து… நீயொரு திருமொழி சொல்லாய்…,1,செங்கனி ஊறிய வாய்,"பெண்ணின் அழகையும், அவள் பேசும் வார்த்தைகளின் இனிமையையும் வெளிப்படுத்துகிறது.",
 நறுமுகையே நறுமுகையே, நறுமுகையே நறுமுகையே,வைரமுத்து,1997,அற்றைத் திங்கள் அந்நிலவில்…கொற்றப் பொய்கை ஆடுகையில்…,1,கொற்றப் பொய்கை,குளத்தின் நீர் ஆடுவதை விவரிக்கிறது. ,இது ஒரு பெண்ணின் இதயத்தில் எழும் மகிழ்ச்சியையும் உற்சாகத்தையும் குறிக்கிறது
 நறுமுகையே நறுமுகையே, நறுமுகையே நறுமுகையே,வைரமுத்து,1997,மங்கை மான்விழி அம்புகள் - என் மார்துளைத்ததென்ன,1,மான்விழி அம்புகள் ,இது ஒரு பெண்ணின் கண் மானின் கண்களைப் போல அழகானது,
 நறுமுகையே நறுமுகையே, நறுமுகையே நறுமுகையே,வைரமுத்து,1997,பாண்டி நாடனைக் கண்டு - என்னுடல் பசலை கொண்டதென்,0,,,
அடடா நீ ஒரு பார்வை பார்த்தாய்,அடடா நீ ஒரு பார்வை பார்த்தாய்,வைரமுத்து,1997,புயல் வந்து போனதொரு வனமாய் ஆனதடா என்னுள்ளம்,1,புயல் வந்து போனதொரு வனமாய்,இதயத்தை ஒரு வனத்திற்கு ஒப்பிடுகிறார். ,"புயல் இந்த வனத்தை அழித்துவிட்டது, ஆனால் அதன் வேர்கள் இன்னும் உறுதியாக உள்ளன."
அடடா நீ ஒரு பார்வை பார்த்தாய்,அடடா நீ ஒரு பார்வை பார்த்தாய்,வைரமுத்து,1997,என் நெஞ்சில் உனது கரம் வைத்தால் என் நிலைமை அது சொல்லும்,0,,,
இல்லை இல்லை சொல்ல ஒரு கணம் போதும்,சந்தனத் தென்றலை,வைரமுத்து,2000,விடியல் வந்த பின்னாலும் விடியாத இரவு எது,0,,,
இல்லை இல்லை சொல்ல ஒரு கணம் போதும்,சந்தனத் தென்றலை,வைரமுத்து,2000,பூவாசம் வீசும் உந்தன் கூந்தலடி,1,பூவாசம் வீசும் உந்தன் கூந்தல்,பெண்ணின் கூந்தலை பூவுடன் ஒப்பிட்டுக் கூறப்பட்டுள்ளது. ,பெண்ணின் கூந்தல் பூவின் மணத்தைப் போலவே மணம் வீசுகிறது என்று இதன் பொருள்.
இல்லை இல்லை சொல்ல ஒரு கணம் போதும்,சந்தனத் தென்றலை,வைரமுத்து,2000,இவ்வுலகம் இருண்ட பின்னும் இருளாத பாகம் எது,0,,,
இல்லை இல்லை சொல்ல ஒரு கணம் போதும்,சந்தனத் தென்றலை,வைரமுத்து,2000,கதிர் வந்து பாயும் உந்தன் கண்களடி,1,கதிர் வந்து பாயும் உந்தன் கண்,"காதலியின் கண்கள் கதிருக்கு ஒப்பானது என்று கூறுவதன் மூலம், அவை ஒளி, 
வெப்பம், உயிர் மற்றும் வாழ்க்கையைக் கொண்டுவருகின்றன",
கண்டுகொண்டேன் கண்டுகொண்டேன் காதல் முகம் கண்டுகொண்டேன்,கண்டுகொண்டேன் கண்டுகொண்டேன்,வைரமுத்து,2000,விரல் தொடும் தூரத்திலே வெண்ணிலவு கண்டுகொண்டேன்,0,,,
கண்டுகொண்டேன் கண்டுகொண்டேன் காதல் முகம் கண்டுகொண்டேன்,கண்டுகொண்டேன் கண்டுகொண்டேன்,வைரமுத்து,2000,வெண்ணிலா வெளிச்சம் கிண்ணத்தில் விழுந்து நிறைந்தால் வழிந்தால் மகிழ்ச்சி,0,,,
கண்டுகொண்டேன் கண்டுகொண்டேன் காதல் முகம் கண்டுகொண்டேன்,கண்டுகொண்டேன் கண்டுகொண்டேன்,வைரமுத்து,2000,என் கண் பார்த்தது என் கை சேருமோ கை சேராமலே கண்ணீர் சேருமோ,0,,,
கண்டுகொண்டேன் கண்டுகொண்டேன் காதல் முகம் கண்டுகொண்டேன்,கண்டுகொண்டேன் கண்டுகொண்டேன்,வைரமுத்து,2000,மலர்மஞ்சம் விழி கெஞ்சும் மனம் அஞ்சுமல்லவா,1,மலர்மஞ்சம் விழி,இது ஒரு பெண்ணின் கண்களைக் குறிக்கிறது,"அவை மலரின் நிறத்தைப் போலவே அழகாகவும், கவர்ச்சியாகவும் இருக்கும்."
அன்பென்ற மழையிலே,அன்பென்ற மழையிலே ,வைரமுத்து,1997,அன்பென்ற மழையிலே அகிலங்கள் நனையவே,1,அன்பென்ற மழையிலே,"""அன்பு"" என்பது மழை என்று உருவகப்படுத்தப்பட்டுள்ளது","மழை என்பது உயிர்களின் வாழ்க்கைக்கு அவசியமானது. அது பூமியை வளமாக்குகிறது. 
அதேபோல், அன்பு என்பது மனித வாழ்க்கைக்கு அவசியமானது. அது மனிதர்களை ஒன்றிணைக்கிறது. 
அது உலகத்தை ஒரு சிறந்த இடமாக மாற்றுகிறது."
அன்பென்ற மழையிலே,அன்பென்ற மழையிலே ,வைரமுத்து,1997,அதிரூபன் தோன்றினானே,1,அதிரூபன்,"""அதிரூபன்"" என்பது ஒரு நபர் என்று உருவகப்படுத்தப்பட்டுள்ளது",இந்த நபர் ஒரு புதிய சக்தியாகும். அவர் ஒரு புதிய யுகத்தை உருவாக்குவார் என்று நம்பப்படுகிறது.
அன்பென்ற மழையிலே,அன்பென்ற மழையிலே ,வைரமுத்து,1997,வைக்கோலின் மேலொரு வைரமாய் வைரமாய் வந்தவன் மின்னினானே,0,,,
அன்பென்ற மழையிலே,அன்பென்ற மழையிலே ,வைரமுத்து,1997,விண்மீன்கள் கண் பார்க்க சூரியன் தோன்றுமோ,0,,,
அன்பென்ற மழையிலே,அன்பென்ற மழையிலே ,வைரமுத்து,1997,புகழ்மைந்தன் தோன்றினானே,1,புகழ்மைந்தன்,"""புகழ்"" என்பது ஒரு ஒளி என்று உருவகப்படுத்தப்பட்டுள்ளது. ","ஒரு தலைவனின் சிறந்த குணங்களைக் காட்டுகிறது. 
ஒரு தலைவன் ஒரு புகழ்மிக்க நபர், அவர் தனது மக்களுக்கு ஒரு முன்மாதிரியாக இருககிறார்."
அன்பென்ற மழையிலே,அன்பென்ற மழையிலே ,வைரமுத்து,1997,கண்ணீரின் காயத்தை செந்நீரில் ஆற்றவே,1,செந்நீர்,"""செந்நீர்"" என்பது இரத்தம் என்று உருவகப்படுத்தப்பட்டுள்ளது",
அன்பென்ற மழையிலே,அன்பென்ற மழையிலே ,வைரமுத்து,1997,சிசுபாலன் தோன்றினானே,0,,,
அன்பென்ற மழையிலே,அன்பென்ற மழையிலே ,வைரமுத்து,1997,"போர் கொண்ட பூமியில் பூக்காடு காணவே
புகழ்மைந்தன் தோன்றினானே",0,,,
அன்பென்ற மழையிலே,அன்பென்ற மழையிலே ,வைரமுத்து,1997,கல் வாரி மழையிலே கல்லொன்று பூக்கவும் ,0,,,
அன்பென்ற மழையிலே,அன்பென்ற மழையிலே ,வைரமுத்து,1997, கருணை மகன் தோன்றினானே,1,கருணை மகன்,ஒரு கருணையுள்ள நபர் கடவுளின் குணங்களைப் பகிர்ந்துகொள்கிறார் என்பதைக் குறிக்கிறது.,
அன்பென்ற மழையிலே,அன்பென்ற மழையிலே ,வைரமுத்து,1997,நூற்றாண்டு இரவினை நொடியோடு போக்கிடும் ஒளியாகத் தோன்றினானே,0,,,
அன்பென்ற மழையிலே,அன்பென்ற மழையிலே ,வைரமுத்து,1997,இரும்பான நெஞ்சிலும் ஈரங்கள் கசியவே இறைபாலன் தோன்றினானே,1,இரும்பான நெஞ்சிலும் ,இரும்பான இதயம் என்பது வலிமை மற்றும் கடினத்தன்மையின் சின்னமாகும். ,இரும்பான நெஞ்சு என்பது கடினமான மற்றும் உணர்ச்சிகளை வெளிப்படுத்தாத ஒருவரைக் குறிக்கிறது.
அன்பென்ற மழையிலே,அன்பென்ற மழையிலே ,வைரமுத்து,1997,முட்காடு எங்கிலும் பூக்காடு பூக்கவே புவிராஜன் தோன்றினானே,0,,,
பூவுக்குள் ஒளிந்திருக்கும் கனிக்கூட்டம் அதிசயம்,பூவுக்குள் ஒளிந்திருக்கும்,வைரமுத்து,1998,நங்கைகொண்ட விரல்கள் அதிசயமே,0,,,
பூவுக்குள் ஒளிந்திருக்கும் கனிக்கூட்டம் அதிசயம்,பூவுக்குள் ஒளிந்திருக்கும்,வைரமுத்து,1998,நகம் என்ற கிரீடம் அதிசயமே,1,நகம் என்ற கிரீடம்,இங்கு நகம் விரல்களின் கிரீடமாக உருவகிக்கப்பட்டுள்ளது. ,"நகங்கள் நம் விரல்களை அழகாகவும், கவர்ச்சியாகவும் மாற்றுகின்றன"
பூவுக்குள் ஒளிந்திருக்கும் கனிக்கூட்டம் அதிசயம்,பூவுக்குள் ஒளிந்திருக்கும்,வைரமுத்து,1998,"மின்சாரம் இல்லாமல் மிதக்கின்ற தீபம்போல்
 மேனி கொண்ட மின்மினிகள் அதிசயமே",1,மின்சாரம் இல்லாமல் மிதக்கின்ற தீபம்,இந்த உருவகம் மின்மினிகளின் ஒளியின் அழகை வெளிப்படுத்துகிறது.,
உயிரே… உயிரே…வந்து என்னோடு கலந்துவிடு…,உயிரே… உயிரே…,வைரமுத்து,1995,என் சுவாசக் காற்று வரும்பாதை பார்த்து… உயிர்தாங்கி நானிருப்பேன்…,0,,,
உயிரே… உயிரே…வந்து என்னோடு கலந்துவிடு…,உயிரே… உயிரே…,வைரமுத்து,1995,மலா்கொண்ட பெண்மை வாராமல் போனால்… மலைமீது தீக்குளிப்பேன்,1,மலா்கொண்ட பெண்மை,"இந்த உருவகம், ஒரு பெண்ணின் அழகை கருணையை வெளிப்படுத்துகிறது","ஒரு மலர் கொண்ட பெண்மை என்பது ஒரு பெண்ணின் கருணையும், அன்பும் நிறைந்தவள் என்பதைக் குறிக்கிறது."
உயிரே… உயிரே…வந்து என்னோடு கலந்துவிடு…,உயிரே… உயிரே…,வைரமுத்து,1995,என் உயிர் போகும் போனாலும் துயரில்லை கண்ணே… அதற்காகவா பாடினேன்,0,,,
என் பாதங்களுக்குக் கீழே பூக்கள் இல்லை,கோடுகளும் சித்திரங்களே,வைரமுத்து,2011,நுரையீரல்களை கார்பன் தாள்களாய்க் கறுக்க வைக்கும் கந்தகக்காற்று,1,கந்தகக்காற்று,கந்தகக்காற்று என்பது இயற்கை சூழலின் அழிவைக் குறிக்கிறது,
என் பாதங்களுக்குக் கீழே பூக்கள் இல்லை,கோடுகளும் சித்திரங்களே,வைரமுத்து,2011,நசுங்கிய நம்பிக்கைகளுக்கு என் பேனாவிலிருந்தொரு ரத்ததானம்,1,பேனாவிலிருந்தொரு ரத்ததானம்,ஒரு நபர் தனது பேனாவில் இருந்து எழுதுகிற வார்த்தைகளை ஒரு நசுங்கிய நம்பிக்கைக்கு ரத்ததானம் என்று ஒப்பிடுகிறது,
என் பாதங்களுக்குக் கீழே பூக்கள் இல்லை,கோடுகளும் சித்திரங்களே,வைரமுத்து,2011,நான் வரைய நினைத்தது சித்திரம்தான். வந்திருப்பவை கோடுகளே,0,,,
முச்சங்கங் கூட்டி முதுபுலவர் தமைக்கூட்டி,கவியரங்கில் கவியரசு,வைரமுத்து,2011,மலையளவு நெஞ்சுறுதி …..வானளவு சொற்பெருக்கு கடலளவு கற்பனைகள் …..கனிந்துருகும் கவிக்கனிகள்,1,கவிக்கனி,கவிதைகள் கனிகளாக உருவகப்படுத்தப்படுகின்றன. ,
முச்சங்கங் கூட்டி முதுபுலவர் தமைக்கூட்டி,கவியரங்கில் கவியரசு,வைரமுத்து,2011,இரவை பகலாக்கி இன்பத்தைக் கூட்டுகின்றேன்! அரசியலைப் பேசி ஆத்மச் சிறகுகளை உரசிக் கொதிக்கவைத்த உற்பாதம் தீர்ந்துவிட்டேன்,1,ஆத்மச் சிறகுகள்,ஆத்மச் சிறகுகள் என்பது மனித ஆன்மாவின் திறன்களைக் குறிக்கிறது,
அலைகளே! நீர்மேல் ஆடுந் தண்ணீர் மலைகளே! கடலின் மந்திரக் கைகளே!,அலைகள்,வைரமுத்து,2011,கடல்நீர் விழாவில் கரக ஆட்டம் நடத்தித் தோற்கும் நாடகக் கும்பலே!,1,கடல்நீர் விழா,கடல்நீரில் நடத்தும் கரக ஆட்டத்தைப் போன்றது.,"கடல்நீர் ஒரு சவாலான இடம். அதில் கரக ஆட்டம் நடத்துவது கடினம். 
அதை எதிர்கொண்டு, வெற்றி பெற முயற்சிக்க வேண்டும்."" என்று கூறப்பட்டுள்ளது."
அலைகளே! நீர்மேல் ஆடுந் தண்ணீர் மலைகளே! கடலின் மந்திரக் கைகளே!,அலைகள்,வைரமுத்து,2011,கருப்புக் கடலுக் காசநோ யாலே இருமித் துப்பும் எச்சில் மலைகளே!,1,இருமித் துப்பும் எச்சில் மலைகளே!,இயற்கையை அழிக்கக்கூடிய மனித செயல்பாடுகளை விமர்சிக்கிறது.,
அலைகளே! நீர்மேல் ஆடுந் தண்ணீர் மலைகளே! கடலின் மந்திரக் கைகளே!,அலைகள்,வைரமுத்து,2011,கரையில் கலையும் கடலின் கனவுகள்,1,கரையில் கலையும் கடலின் கனவுகள்,கடலின் கனவுகள் கரையில் கலந்து அழியும் என்பதை குறிக்கிறது. ,
அலைகளே! நீர்மேல் ஆடுந் தண்ணீர் மலைகளே! கடலின் மந்திரக் கைகளே!,அலைகள்,வைரமுத்து,2011,கரைக்கன்னத்தில் கடல்முத்தங்கள்,1,கரைக்கன்னத்தில்,"இந்த வரியில், ""கரைக்கன்னம்"" என்பது நண்பர்களின் அன்பையும் அக்கறையையும் குறிக்கிறது",
அலைகளே! நீர்மேல் ஆடுந் தண்ணீர் மலைகளே! கடலின் மந்திரக் கைகளே!,அலைகள்,வைரமுத்து,2011,கரைக்கன்னத்தில் கடல்முத்தங்கள்,1,கடல்முத்தங்கள்,"""கடல்முத்தங்கள்"" என்பது அவர்களின் நட்பு மற்றும் அன்பின் வெளிப்பாட்டைக் குறிக்கிறது.",
நீ இன்றி நானும் இல்லை,நீ இன்றி நானும் இல்லை,தாமரை,2008,தொடுவானம் சிவந்து போகும்,1,தொடுவானம்,இது வானத்தின் எல்லையற்ற தன்மை பற்றிய ஒரு உருவகமாகும்.,
நீ இன்றி நானும் இல்லை,நீ இன்றி நானும் இல்லை,தாமரை,2008,தொலை தூரம் குறைந்து போகும்,0,,,
நீ இன்றி நானும் இல்லை,நீ இன்றி நானும் இல்லை,தாமரை,2008,கரைகின்ற நொடிகளில் நான் நெருங்கி வந்தேனே,0,,,
விழியே விழியே திரை விரிகிறதே,விழியே விழியே திரை விரிகிறதே,தாமரை,2014,கதிரவனாக திரிந்த பகல் நிலவென தேயவும் துணிந்ததடி,0,,,
விழியே விழியே திரை விரிகிறதே,விழியே விழியே திரை விரிகிறதே,தாமரை,2014,கருநிறமாக இருந்த நிழல் உனதொரு பார்வையில் வெளுத்ததடி,0,,,
விழியே விழியே திரை விரிகிறதே,விழியே விழியே திரை விரிகிறதே,தாமரை,2014,இலையும் தீண்டாத கனி நீ நான் சுவைக்கும் நாள் கிட்டும் பொறு நீ,1,இலையும் தீண்டாத கனி நீ,"இதில், ""கனி"" என்பது ஒரு அழகிய, கவர்ச்சிகரமான பெண்ணைக் குறிக்கிறது.","""இலை"" என்பது அந்தப் பெண்ணின் கற்பு மற்றும் தூய்மையைக் குறிக்கிறது. 
இன்னும் யாரும் தொடாத, தூய்மையான என்று பொருள்."
விழியே விழியே திரை விரிகிறதே,விழியே விழியே திரை விரிகிறதே,தாமரை,2014,விரல்கள் மீட்டாத இசை நீ மெல்லிசையாய் என் காதல் வசம் நீ,1,விரல்கள் மீட்டாத இசை நீ,"இது காதலியை இன்னும் தொடப்படாத, கண்டுபிடிக்கப்படாத ஒரு பொருளாகக் காட்டுகிறது. ",காதலன் அவளை இன்னும் முழுமையாகப் புரிந்து கொள்ளவில்லை
விழியே விழியே திரை விரிகிறதே,விழியே விழியே திரை விரிகிறதே,தாமரை,2014,தவமே செய்யாத வரம் நீ பெண் கடலே முத்தங்கள் இடு நீ,0,,,
லோலிட்டா ஹா லோலிட்டா உன் தூரம் கூட பக்கமாக மாறுதே,லோலிட்டா ஹா லோலிட்டா,தாமரை,2011,பொன்மஞ்சள் மஞ்சள் பெண்ணே எங்கே செல்கிறாய்,1,பொன்மஞ்சள் மஞ்சள் பெண்ணே,"பெண்ணின் தோற்றம் பொன்மஞ்சள் நிறத்தில் உள்ளது, இது அவளுடைய அழகை வலியுறுத்துகிறது.",
லோலிட்டா ஹா லோலிட்டா உன் தூரம் கூட பக்கமாக மாறுதே,லோலிட்டா ஹா லோலிட்டா,தாமரை,2011,மின்னஞ்சல் போலே வந்து சென்றுக் கொல்கிறாய்,0,,,
லோலிட்டா ஹா லோலிட்டா உன் தூரம் கூட பக்கமாக மாறுதே,லோலிட்டா ஹா லோலிட்டா,தாமரை,2011,உன் கரை இல்லாத கண்கள் வெட்டித் தள்ளுதே,1,கரை இல்லாத கண்கள்,கண்கள் ஆழமானவை மற்றும் அளவிட முடியாதவை என்பதைக் குறிக்கிறது,
லோலிட்டா ஹா லோலிட்டா உன் தூரம் கூட பக்கமாக மாறுதே,லோலிட்டா ஹா லோலிட்டா,தாமரை,2011,உண்மையை சொல்லட்டா உன் முலாம் பூசாத பேச்சில் எல்லாம் உள்ளதே,1,முலாம் பூசாத பேச்சில்,"உண்மையான, நேர்மையான பேச்சைக் குறிக்கிறது. ",
ஒரு மாலை இளவெயில் நேரம்,ஒரு மாலை இளவெயில் நேரம்,தாமரை,2005,"அவள் அள்ளி விட்ட பொய்கள்
நடு நடுவே கொஞ்சம் மெய்கள்",0,,,
ஒரு மாலை இளவெயில் நேரம்,ஒரு மாலை இளவெயில் நேரம்,தாமரை,2005,"இதழோரம் சிரிப்போடு
கேட்டு கொண்டே நின்றேன்",0,,,
ஒரு மாலை இளவெயில் நேரம்,ஒரு மாலை இளவெயில் நேரம்,தாமரை,2005,"அவள் நின்று பேசும் ஒரு தருணம் 
என் வாழ்வில் சக்கரை நிமிடம்",1,என் வாழ்வில் சக்கரை நிமிடம்,இது ஒரு சிறிய மற்றும் மகிழ்ச்சியான தருணத்தை ஒரு சர்க்கரை நிமிடத்துடன் ஒப்பிடுகிறது.,"ஒரு சக்கரை நிமிடம் என்பது ஒரு சிறிய நேரத்தில் 
நம் வாழ்க்கையை மகிழ்ச்சியடையச் செய்யும் ஒரு இனிமையான தருணம்."
ஒரு மாலை இளவெயில் நேரம்,ஒரு மாலை இளவெயில் நேரம்,தாமரை,2005,ஈர்க்கும் விசையை அவளிடம் கண்டேனே,0,,,
மல்லிகைப் பூவே மல்லிகைப் பூவே பார்த்தாயா,மல்லிகைப் பூவே,தாமரை,2012,சின்ன சின்ன கைகளிலே வண்ணம் சிந்தும் ரோஜாப்பூ,0,,,
மல்லிகைப் பூவே மல்லிகைப் பூவே பார்த்தாயா,மல்லிகைப் பூவே,தாமரை,2012,சிரித்து பேசி விளையாடும் நெஞ்சம் இங்கு மத்தாப்பூ,1,நெஞ்சம் இங்கு மத்தாப்பூ,சிரித்து பேசி விளையாடும் நெஞ்சம் இங்கு மத்தாப்பூ போல அழகாகவும் மகிழ்ச்சியாகவும் இருக்கிறது ,
"நிலவு ஒரு பெண்ணாகி உலவுகின்ற அழகோ
நீரலைகள் இடம்மாறி",நிலவு ஒரு பெண்ணாகி உலவுகின்ற அழகோ,வாலி,1973,"நிலவு ஒரு பெண்ணாகி உலவுகின்ற அழகோ
நீரலைகள் இடம் மாறி நீந்துகின்ற குழலோ",1,நிலவு ஒரு பெண்ணாகி ,நிலவு ஒரு பெண்ணின் அழகைப் பிரதிபலிக்கிறது என்பதாகும். ,"நிலவு இரவில் வானத்தில் ஒளிரும்போது, ​​அது ஒரு அழகான பெண்ணின் முகத்தை ஒத்திருக்கிறது."
"நிலவு ஒரு பெண்ணாகி உலவுகின்ற அழகோ
நீரலைகள் இடம்மாறி",நிலவு ஒரு பெண்ணாகி உலவுகின்ற அழகோ,வாலி,1973,புருவமொரு வில்லாக பார்வையொருக் கணையாக,1,புருவமொரு வில்லாக,ஒருவரின் புருவங்களின் அழகைக் குறிக்கிறது. ,புருவங்கள் மிகவும் கவர்ச்சியாக இருப்பதைக் குறிக்கிறது.
"நிலவு ஒரு பெண்ணாகி உலவுகின்ற அழகோ
நீரலைகள் இடம்மாறி",நிலவு ஒரு பெண்ணாகி உலவுகின்ற அழகோ,வாலி,1973,புருவமொரு வில்லாக பார்வையொருக் கணையாக,1,பார்வையொருக் கணையாக,ஒருவரின் பார்வையின் அழகைக் குறிக்கிறது.,இது ஒருவரின் பார்வையின் மிகவும் சக்திவாய்ந்ததாக இருப்பதைக் குறிக்கிறது.
"நிலவு ஒரு பெண்ணாகி உலவுகின்ற அழகோ
நீரலைகள் இடம்மாறி",நிலவு ஒரு பெண்ணாகி உலவுகின்ற அழகோ,வாலி,1973,பருவமொரு களமாகப் போர் தொடுக்கப் பிறந்தவளோ,1,பருவமொரு களமாகப் ,"பருவம் என்பது ஒரு போர்க்களம் போன்றது, அங்கு வாழ்க்கையில் வெற்றி பெறுவதற்காக ஒருவர் போராட வேண்டும்.",
"நிலவு ஒரு பெண்ணாகி உலவுகின்ற அழகோ
நீரலைகள் இடம்மாறி",நிலவு ஒரு பெண்ணாகி உலவுகின்ற அழகோ,வாலி,1973,பவழமென விரல் நகமும் பசுந்தளிர் போல் வளை கரமும்,1,பவழமென விரல் நகம்,இது விரல் நகத்தின் நிறத்தை மற்றும் பளபளப்பை பவழத்துடன் ஒப்பிடுகிறது,
"நிலவு ஒரு பெண்ணாகி உலவுகின்ற அழகோ
நீரலைகள் இடம்மாறி",நிலவு ஒரு பெண்ணாகி உலவுகின்ற அழகோ,வாலி,1973,பவழமென விரல் நகமும் பசுந்தளிர் போல் வளை கரமும்,1,பசுந்தளிர் போல் வளை கரம்,இது கரம் வளைந்து இருப்பதை மற்றும் புத்துணர்ச்சியை பசுந்தளிருடன் ஒப்பிடுகிறது.,
"நிலவு ஒரு பெண்ணாகி உலவுகின்ற அழகோ
நீரலைகள் இடம்மாறி",நிலவு ஒரு பெண்ணாகி உலவுகின்ற அழகோ,வாலி,1973,தேன் கனிகள் இருபுறமும் தாங்கி வரும் பூங்கொடியோ,0,,,
"நிலவு ஒரு பெண்ணாகி உலவுகின்ற அழகோ
நீரலைகள் இடம்மாறி",நிலவு ஒரு பெண்ணாகி உலவுகின்ற அழகோ,வாலி,1973,ஆழ்கடலின் சங்காக நீள் கழுத்து அமைந்தவளோ,1,ஆழ்கடலின் சங்காக நீள் கழுத்து,ஒரு பெண்ணின் நீண்ட கழுத்து ஆழ்கடலின் சங்கத்தைப் போன்றது,
"நிலவு ஒரு பெண்ணாகி உலவுகின்ற அழகோ
நீரலைகள் இடம்மாறி",நிலவு ஒரு பெண்ணாகி உலவுகின்ற அழகோ,வாலி,1973,யாழிசையின் ஒலியாக வாய்மொழி தான் மலர்ந்தவளோ,1,யாழிசையின் ஒலியாக வாய்மொழி,"பெண்ணின் வாய்மொழி யாழிசையின் ஒலியைப் போல இனிமையாகவும், மென்மையாகவும், கவர்ச்சியாகவும் இருக்கிறது",
"நிலவு ஒரு பெண்ணாகி உலவுகின்ற அழகோ
நீரலைகள் இடம்மாறி",நிலவு ஒரு பெண்ணாகி உலவுகின்ற அழகோ,வாலி,1973,படைத்தவனின் திறமை எல்லாம் முழுமை பெற்ற அழகியென்பேன்..,0,,,
நாளை இந்த வேளை பார்த்து ,பால் போலவே வான் மீதிலே,வாலி,1968,தென்றலே என் தனிமை கண்டு நின்று போய் விடு ஆஆ,0,,,
நாளை இந்த வேளை பார்த்து ,பால் போலவே வான் மீதிலே,வாலி,1968,வண்ண விழியின் வாசலில் என் தேவன் தோன்றினான்,1,வண்ண விழி,காதலியின் கண்கள் பல வண்ணங்களால் நிரம்பியுள்ளன என்பதைக் குறிக்கிறது.  ,இது ஒருவரின் தனித்துவத்தையும் கவர்ச்சியையும் வெளிப்படுத்துகின்றன
நாளை இந்த வேளை பார்த்து ,பால் போலவே வான் மீதிலே,வாலி,1968,எண்ணம் என்னும் மேடையில் பொன் மாலை சூடினான்,1,எண்ணம் என்னும் மேடையில்,"""எண்ணம்"" என்பது ஒரு மேடை என்று உருவகப்படுத்தப்பட்டுள்ளது. ","ஒரு மேடையில் ஒரு கலைஞன் தனது திறமையை வெளிப்படுத்தி, பார்வையாளர்களிடமிருந்து பாராட்டைப் பெறுகிறான். 
அதேபோல், ஒரு நபர் தனது எண்ணங்களின் மூலம் தனது திறமையை வெளிப்படுத்தி, வெற்றிகளைப் பெறுகிறான்."
நாளை இந்த வேளை பார்த்து ,பால் போலவே வான் மீதிலே,வாலி,1968,கன்னி அழகை பாடவோ அவன் கவிஞன் ஆகினான்,0,,,
நாளை இந்த வேளை பார்த்து ,பால் போலவே வான் மீதிலே,வாலி,1968,பெண்மையே உன் மேன்மை கண்டு கலைஞன் ஆகினான் கலைஞன் ஆகினான்,0,,,
நாளை இந்த வேளை பார்த்து ,பால் போலவே வான் மீதிலே,வாலி,1968,சொல்ல நினைத்த ஆசைகள் சொல்லாமல் போவதேன்,0,,,
நாளை இந்த வேளை பார்த்து ,பால் போலவே வான் மீதிலே,வாலி,1968,சொல்ல வந்த நேரத்தில் பொல்லாத நாணம் ஏன்,0,,,
நாளை இந்த வேளை பார்த்து ,பால் போலவே வான் மீதிலே,வாலி,1968,மன்னன் நடந்த பாதையில் என் கால்கள் செல்வதேன்,0,,,
நாளை இந்த வேளை பார்த்து ,பால் போலவே வான் மீதிலே,வாலி,1968,மங்கையே உன் கண்கள் இன்று மயக்கம் கொண்டதேன் மயக்கம் கொண்டதேன்,0,,,
கரிகாலன் காலப்போல ,கரிகாலன் காலப்போல,கபிலன்,2009,கரிகாலன் காலப்போல கருத்திருக்குது குழலு,1,கரிகாலன் கால்,குழலின் கருப்பு நிறத்தை கரிகாலனின் கருப்பு நிற காலுக்கு ஒப்பிடுகிறது.,
கரிகாலன் காலப்போல ,கரிகாலன் காலப்போல,கபிலன்,2009,குழலில்ல குழலில்ல தாஜ் மகால் நிழலு,0,,,
கரிகாலன் காலப்போல ,கரிகாலன் காலப்போல,கபிலன்,2009,சேவலோட கொண்ட போல செவந்திருக்குது உதடு,1,சேவலோட கொண்ட,ஒருவரின் உதடுகள் மிகவும் சிவந்ததாக இருப்பதைக் குறிக்கிறது. ,"இது ஒருவரின் உதடுகள் மிகவும் அழகாகவும், கவர்ச்சியாகவும் இருப்பதைக் குறிக்கிறது."
கரிகாலன் காலப்போல ,கரிகாலன் காலப்போல,கபிலன்,2009,உதடில்ல உதடில்ல மந்திரிச்ச தகடு,0,,,
கரிகாலன் காலப்போல ,கரிகாலன் காலப்போல,கபிலன்,2009,ஏய் பருத்தி பூவப்போல பதியுது உன் பாதம்,1,பருத்தி பூவப்போல,காதலியின் பாதங்கள் பருத்தி பூக்களைப் போல மென்மையாக இருப்பதைக் குறிக்கிறது,
கரிகாலன் காலப்போல ,கரிகாலன் காலப்போல,கபிலன்,2009,பாதம் இல்ல பாதம் இல்ல பச்சரிசி சாதம்,0,,,
கரிகாலன் காலப்போல ,கரிகாலன் காலப்போல,கபிலன்,2009,ஏ வலம்புரி சங்கைப் போல வழுக்குது உன் கழுத்து,1,வலம்புரி சங்கைப் போல வழுக்குது,"ஒருவரின் கழுத்து வலம்புரி சங்கைப் போல வழுவழுப்பானது என்று கூறுவது, 
அந்த நபரின் கழுத்து அழகாகவும், மென்மையாகவும் இருப்பதைக் குறிக்கிறது.",
கரிகாலன் காலப்போல ,கரிகாலன் காலப்போல,கபிலன்,2009,கழுத்து இல்ல கழுத்து இல்ல கண்ணதாசன் எழுத்து,0,,,
கரிகாலன் காலப்போல ,கரிகாலன் காலப்போல,கபிலன்,2009,கண்ட உடன் வெட்டுதடி கத்திரிக்கோலு கண்ணு,1,கத்திரிக்கோலு கண்ணு,ஒருவரின் கண்கள் மிகவும் கூர்மையானவை என்பதைக் குறிக்கிறது. ,"இது ஒரு நபரின் பார்வை மிகவும் தெளிவாகவும், விவரமானதாகவும் இருப்பதைக் குறிக்கிறது."
கரிகாலன் காலப்போல ,கரிகாலன் காலப்போல,கபிலன்,2009,கண்ணு இல்ல கண்ணு இல்ல கெறங்கடிக்கிற ஜின்னு,0,,,
கரிகாலன் காலப்போல ,கரிகாலன் காலப்போல,கபிலன்,2009,பத்த வச்ச மத்தாப்பு போல் மினுமினுக்குது பல்லு,1,பத்த வச்ச மத்தாப்பு,பற்கள் மத்தாப்பின் தீ போல பிரகாசமாக மின்னுகின்றன என்பது ஆகும்,
கரிகாலன் காலப்போல ,கரிகாலன் காலப்போல,கபிலன்,2009,பல்லு இல்ல பல்லு இல்ல பதிச்ச வைரக் கல்லு,0,,,
பட்டாம்பூச்சி,பட்டாம்பூச்சி,கபிலன்,2011,காதல்தேனை சாப்பிடும் போது பேசக் கூடாதே,1,காதல்தேனை,காதல் அனுபவம் மிகவும் அற்புதமானது மற்றும் வார்த்தைகளால் விவரிக்க முடியாதது என்பதைக் குறிக்கிறது,
பட்டாம்பூச்சி,பட்டாம்பூச்சி,கபிலன்,2011,எதைத்த தருவது தானென்று எதைப் பெறுவது தானென்று,0,,,
பட்டாம்பூச்சி,பட்டாம்பூச்சி,கபிலன்,2011,குறுக்கும் நெடுக்கும் குழந்தை போல இதயம் குதித்தோட,1,குறுக்கும் நெடுக்கும் குழந்தை போல இதயம்,ஒருவரின் இதயம் மகிழ்ச்சியுடன் குதிப்பதைக் குறிக்கிறது,
பட்டாம்பூச்சி,பட்டாம்பூச்சி,கபிலன்,2011,பூமுகம் உன் பூமுகம்,1,பூமுகம்,காதலியின் முகத்தை மலருடன் ஒப்பிடுகிறது,
ஆட்டுவித்தால் யாரொருவர் ஆடாதாரே கண்ணா,ஆட்டுவித்தால் யாரொருவர்,கண்ணதாசன்,1975,ஆசையெனும் தொட்டினிலே ஆடாதாரே கண்ணா,1,ஆசையெனும் தொட்டினிலே,"ஆசை என்பது ஒரு சிறிய குழந்தையைப் போல, அதை அடக்க முடியாத மற்றும் 
கட்டுப்படுத்த முடியாத ஒரு சக்தி என்பதைக் குறிக்கிறது.",
ஆட்டுவித்தால் யாரொருவர் ஆடாதாரே கண்ணா,ஆட்டுவித்தால் யாரொருவர்,கண்ணதாசன்,1975,நீ நடத்தும் நாடகத்தில் நானும் உண்டு,0,,,
ஒரு சின்ன தாமரை,ஒரு சின்ன தாமரை,விவேகா,2009,ஒரு சின்ன தாமரை,0,,,
ஒரு சின்ன தாமரை,ஒரு சின்ன தாமரை,விவேகா,2009,என் கண்ணில் பூத்ததே,0,,,
ஒரு சின்ன தாமரை,ஒரு சின்ன தாமரை,விவேகா,2009,அதன் மின்னல் வார்த்தைகள்,1,மின்னல் வார்த்தைகள்,இது ஒரு சிறிய மற்றும் வலுவான வார்த்தையை ஒரு மின்னலுடன் ஒப்பிடுகிறது,
ஒரு சின்ன தாமரை,ஒரு சின்ன தாமரை,விவேகா,2009,என் உள்ளம் தேடி தைக்கின்றதே,0,,,
கண் இரண்டில் மோதி,கண் இரண்டில் மோதி,ஏக்நாத்,2010,உன் முத்து முத்து பேச்சு என் சங்கீதமா ஆச்சு,1,முத்து முத்து பேச்சு,"பெண்ணின் பேச்சு ஒரு முத்து மாதிரி அழகாக இருக்கிறது,",
கண் இரண்டில் மோதி,கண் இரண்டில் மோதி,ஏக்நாத்,2010,"உன் சுண்டு விரல் தீண்டையில 
நின்னு போச்சு என் மூச்சு",0,,,
கண்ணம்மா உன்ன மனசில் நினைக்கிறேன்,கண்ணம்மா,சாம் சி எஸ் ,2019,மௌனம் பேசும் மொழிகூட அழகடி,1,மௌனம் பேசும் மொழி,"இது மௌனத்தின் வலிமையையும், அதன் மூலம் வெளிப்படுத்தக்கூடிய பலவற்றையும் குறிக்கிறது.",
கண்ணம்மா உன்ன மனசில் நினைக்கிறேன்,கண்ணம்மா,சாம் சி எஸ் ,2019,ஆயுள் நீல அது போதும் வருடி,0,,,
கண்ணம்மா உன்ன மனசில் நினைக்கிறேன்,கண்ணம்மா,சாம் சி எஸ் ,2019,உந்தன் உதட்டின் ஓரங்கள் மறைக்கும் புது மொழி அதை உடைத்தெறி,1,உந்தன் உதட்டின் ஓரங்கள் மறைக்கும் புது மொழி,இது ஒரு பெண்ணின் புன்னகையால் வெளிப்படும் புதிய உணர்ச்சிகளை அல்லது எண்ணங்களைக் குறிக்கிறது.,"ஒரு பெண்ணின் புன்னகை என்பது அவள் மனதில் இருப்பதை 
வெளிப்படுத்தும் ஒரு வகையான மொழியாகும் என்பதைக் குறிக்கிறது."
கண்ணம்மா உன்ன மனசில் நினைக்கிறேன்,கண்ணம்மா,சாம் சி எஸ் ,2019,வெள்ளை பூவே நீ எந்தன் நிலவடி,0,,,
கண்ணம்மா உன்ன மனசில் நினைக்கிறேன்,கண்ணம்மா,சாம் சி எஸ் ,2019,எந்தன் வானை மறைகின்ற அழகி,0,,,
கண்ணம்மா உன்ன மனசில் நினைக்கிறேன்,கண்ணம்மா,சாம் சி எஸ் ,2019,"நிலவே.மலரே. கவியே.அழகே.. அணையா ஒளியே என் நெஞ்சுக்குள்ள வா வா.
",1,அணையா ஒளியே,அணையா ஒளி என்பது ஒரு வலுவான மற்றும் நிலையான ஒளியைக் குறிக்கிறது. ,ஒரு நபர் தனது இதயத்தில் வைத்திருக்கும் ஒரு நபர்ன் அடையாளம்.
கோரமான மரணம் ஒன்று…,கனவே கனவே ,மோகன் ராஜன்,2013,சையும் போனது… திமிரும் போனது… தனிமைத் தீயிலே வாடினேன்…,1,தனிமைத் தீ,"இந்த உருவகத்தில், தனிமை ஒரு தீயாகக் காட்டப்படுகிறது
இது ஒருவரின் வாழ்க்கையில் ஒரு பெரிய தாக்கத்தை ஏற்படுத்தக்கூடும்.",ஒருவரின் தனிமையின் உணர்வை வெளிப்படுத்தும் ஒரு அழகான மற்றும் சக்திவாய்ந்த உருவகமாகும்.
கோரமான மரணம் ஒன்று…,கனவே கனவே ,மோகன் ராஜன்,2013,நிழலும் போனது… நிஜமும் போனது…எனக்குள் எனையேத் தேடினேன்…,0,,,
கோரமான மரணம் ஒன்று…,கனவே கனவே ,மோகன் ராஜன்,2013,கண்கள் ரெண்டும் நீரிலே… மீனைப் போல வாழுதே…,1,கண்கள் ரெண்டும் மீனை,"இந்த உருவகத்தில், கண்கள் நீரில் மூழ்கி, வாழும் ஒரு மீனைப் போலக் காட்டப்படுகின்றன.",ஒருவரின் காதலின் ஆழம் மற்றும் வலிமையைக் குறிக்கிறது
கோரமான மரணம் ஒன்று…,கனவே கனவே ,மோகன் ராஜன்,2013,கடவுளும் பெண் இதயமும்… இருக்குதா அட இல்லையா…,0,,,
,,,,,,,,
,,,,,,,,
Total Number of Lines Written,177,,,,,,,
Total Number of Metaphors Obtained,100,,,,,,,